,Title,Year,Domestic Gross
0,Star Wars: Episode VII - The Force Awakens,2015,"$936,662,225"
1,Avengers: Endgame,2019,"$858,373,000"
2,Avatar,2009,"$760,507,625"
3,Black Panther,2018,"$700,059,566"
4,Avengers: Infinity War,2018,"$678,815,482"
5,Titanic,1997,"$659,363,944"
6,Jurassic World,2015,"$652,270,625"
7,The Avengers,2012,"$623,357,910"
8,Star Wars: Episode VIII - The Last Jedi,2017,"$620,181,382"
9,Incredibles 2,2018,"$608,581,744"
10,The Lion King,2019,"$543,638,043"
11,The Dark Knight,2008,"$535,234,033"
12,Rogue One: A Star Wars Story,2016,"$532,177,324"
13,Star Wars: Episode IX - The Rise of Skywalker,2019,"$515,202,542"
14,Beauty and the Beast,2017,"$504,014,165"
15,Finding Dory,2016,"$486,295,561"
16,Frozen II,2019,"$477,373,578"
17,Star Wars: Episode I - The Phantom Menace,1999,"$474,544,677"
18,Star Wars: Episode IV - A New Hope,1977,"$460,998,507"
19,Avengers: Age of Ultron,2015,"$459,005,868"
20,The Dark Knight Rises,2012,"$448,139,099"
21,Shrek 2,2004,"$441,226,247"
22,E.T. the Extra-Terrestrial,1982,"$435,110,554"
23,Toy Story 4,2019,"$434,038,008"
24,Captain Marvel,2019,"$426,829,839"
25,The Hunger Games: Catching Fire,2013,"$424,668,047"
26,Pirates of the Caribbean: Dead Man's Chest,2006,"$423,315,812"
27,The Lion King,1994,"$422,783,777"
28,Jurassic World: Fallen Kingdom,2018,"$417,719,760"
29,Toy Story 3,2010,"$415,004,880"
30,Wonder Woman,2017,"$412,563,408"
31,Iron Man 3,2013,"$409,013,994"
32,Captain America: Civil War,2016,"$408,084,349"
33,The Hunger Games,2012,"$408,010,692"
34,Spider-Man,2002,"$407,022,860"
35,Jumanji: Welcome to the Jungle,2017,"$404,540,171"
36,Jurassic Park,1993,"$402,828,120"
37,Transformers: Revenge of the Fallen,2009,"$402,111,870"
38,Frozen,2013,"$400,738,009"
39,Spider-Man: Far from Home,2019,"$390,532,085"
40,Guardians of the Galaxy Vol. 2,2017,"$389,813,101"
41,Harry Potter and the Deathly Hallows: Part 2,2011,"$381,409,310"
42,Finding Nemo,2003,"$380,843,261"
43,Star Wars: Episode III - Revenge of the Sith,2005,"$380,270,577"
44,The Lord of the Rings: The Return of the King,2003,"$377,845,905"
45,Spider-Man 2,2004,"$373,585,825"
46,The Passion of the Christ,2004,"$370,782,930"
47,The Secret Life of Pets,2016,"$368,384,330"
48,Despicable Me 2,2013,"$368,065,385"
49,The Jungle Book,2016,"$364,001,123"
50,Deadpool,2016,"$363,070,709"
51,Inside Out,2015,"$356,461,711"
52,Aladdin,2019,"$355,559,216"
53,Furious 7,2015,"$353,007,020"
54,Transformers: Dark of the Moon,2011,"$352,390,543"
55,American Sniper,2014,"$350,126,372"
56,The Lord of the Rings: The Two Towers,2002,"$342,551,365"
57,Zootopia,2016,"$341,268,248"
58,The Hunger Games: Mockingjay - Part 1,2014,"$337,135,885"
59,Spider-Man 3,2007,"$336,530,303"
60,Minions,2015,"$336,045,770"
61,Joker,2019,"$335,451,311"
62,Aquaman,2018,"$335,061,807"
63,Spider-Man: Homecoming,2017,"$334,201,140"
64,Alice in Wonderland,2010,"$334,191,110"
65,Guardians of the Galaxy,2014,"$333,176,600"
66,Forrest Gump,1994,"$330,455,270"
67,Batman v Superman: Dawn of Justice,2016,"$330,360,194"
68,It,2017,"$328,828,874"
69,Suicide Squad,2016,"$325,100,054"
70,Deadpool 2,2018,"$324,591,735"
71,Shrek the Third,2007,"$322,719,944"
72,Transformers,2007,"$319,246,193"
73,Iron Man,2008,"$318,604,126"
74,Harry Potter and the Sorcerer's Stone,2001,"$318,087,620"
75,Indiana Jones and the Kingdom of the Crystal Skull,2008,"$317,101,119"
76,Jumanji: The Next Level,2019,"$316,831,246"
77,The Lord of the Rings: The Fellowship of the Ring,2001,"$315,544,750"
78,Thor: Ragnarok,2017,"$315,058,289"
79,Iron Man 2,2010,"$312,433,331"
80,Star Wars: Episode II - Attack of the Clones,2002,"$310,676,740"
81,Pirates of the Caribbean: At World's End,2007,"$309,420,425"
82,Star Wars: Episode VI - Return of the Jedi,1983,"$309,306,177"
83,Independence Day,1996,"$306,169,268"
84,Pirates of the Caribbean: The Curse of the Black Pearl,2003,"$305,413,918"
85,Skyfall,2012,"$304,360,277"
86,The Hobbit: An Unexpected Journey,2012,"$303,003,568"
87,Harry Potter and the Half-Blood Prince,2009,"$302,305,431"
88,The Twilight Saga: Eclipse,2010,"$300,531,751"
89,The Twilight Saga: New Moon,2009,"$297,816,253"
90,Harry Potter and the Deathly Hallows: Part 1,2010,"$296,347,721"
91,The Sixth Sense,1999,"$293,506,292"
92,Up,2009,"$293,004,164"
93,Inception,2010,"$292,576,195"
94,Harry Potter and the Order of the Phoenix,2007,"$292,353,413"
95,The Twilight Saga: Breaking Dawn - Part 2,2012,"$292,324,737"
96,"The Chronicles of Narnia: The Lion, the Witch and the Wardrobe",2005,"$291,710,957"
97,Man of Steel,2013,"$291,045,518"
98,Harry Potter and the Goblet of Fire,2005,"$290,417,905"
99,Star Wars: Episode V - The Empire Strikes Back,1980,"$290,271,960"
100,"Monsters, Inc.",2001,"$289,916,256"
101,Home Alone,1990,"$285,761,243"
102,The Hunger Games: Mockingjay - Part 2,2015,"$281,723,902"
103,The Matrix Reloaded,2003,"$281,576,461"
104,The Twilight Saga: Breaking Dawn - Part 1,2011,"$281,287,133"
105,Meet the Fockers,2004,"$279,261,160"
106,The Hangover,2009,"$277,322,503"
107,Gravity,2013,"$274,092,705"
108,The Grinch,2018,"$270,620,950"
109,Sing,2016,"$270,395,425"
110,Monsters University,2013,"$268,492,764"
111,Shrek,2001,"$267,665,011"
112,Despicable Me 3,2017,"$264,624,300"
113,Harry Potter and the Chamber of Secrets,2002,"$262,450,136"
114,The Amazing Spider-Man,2012,"$262,030,663"
115,The Incredibles,2004,"$261,441,092"
116,How the Grinch Stole Christmas,2000,"$260,044,825"
117,Jaws,1975,"$260,000,000"
118,Captain America: The Winter Soldier,2014,"$259,766,572"
119,The Hobbit: The Desolation of Smaug,2013,"$258,366,855"
120,The Lego Movie,2014,"$257,760,692"
121,Star Trek,2009,"$257,730,019"
122,I Am Legend,2007,"$256,393,010"
123,The Blind Side,2009,"$255,959,475"
124,The Hobbit: The Battle of the Five Armies,2014,"$255,119,788"
125,The Hangover Part II,2011,"$254,464,305"
126,Despicable Me,2010,"$251,513,985"
127,Batman,1989,"$251,348,343"
128,Night at the Museum,2006,"$250,863,268"
129,Men in Black,1997,"$250,690,539"
130,Harry Potter and the Prisoner of Azkaban,2004,"$249,975,996"
131,Moana,2016,"$248,757,044"
132,Raiders of the Lost Ark,1981,"$248,159,971"
133,Toy Story 2,1999,"$245,852,179"
134,Transformers: Age of Extinction,2014,"$245,439,076"
135,Cars,2006,"$244,082,982"
136,Bruce Almighty,2003,"$242,829,261"
137,Ghostbusters,1984,"$242,582,079"
138,Twister,1996,"$241,721,524"
139,My Big Fat Greek Wedding,2002,"$241,438,208"
140,Maleficent,2014,"$241,410,378"
141,Pirates of the Caribbean: On Stranger Tides,2011,"$241,071,802"
142,Shrek Forever After,2010,"$238,736,787"
143,Fast &amp; Furious 6,2013,"$238,679,850"
144,Brave,2012,"$237,283,207"
145,Oz the Great and Powerful,2013,"$234,911,825"
146,Beverly Hills Cop,1984,"$234,760,478"
147,X-Men: The Last Stand,2006,"$234,362,462"
148,War of the Worlds,2005,"$234,280,354"
149,Fantastic Beasts and Where to Find Them,2016,"$234,037,575"
150,X-Men: Days of Future Past,2014,"$233,921,534"
151,Cast Away,2000,"$233,632,142"
152,The Exorcist,1973,"$232,906,145"
153,Doctor Strange,2016,"$232,641,920"
154,The Lost World: Jurassic Park,1997,"$229,086,679"
155,Justice League,2017,"$229,024,295"
156,Star Trek Into Darkness,2013,"$228,778,661"
157,The Martian,2015,"$228,433,663"
158,Signs,2002,"$227,966,634"
159,Hancock,2008,"$227,946,274"
160,The Bourne Ultimatum,2007,"$227,471,070"
161,Logan,2017,"$226,277,068"
162,Rush Hour 2,2001,"$226,164,286"
163,The Fate of the Furious,2017,"$226,008,385"
164,WALL·E,2008,"$223,808,164"
165,Big Hero 6,2014,"$222,527,828"
166,Toy Story,1995,"$222,498,679"
167,Mission: Impossible - Fallout,2018,"$220,159,104"
168,National Treasure: Book of Secrets,2007,"$219,964,115"
169,Alvin and the Chipmunks: The Squeakquel,2009,"$219,614,612"
170,Mrs. Doubtfire,1993,"$219,195,243"
171,Beauty and the Beast,1991,"$218,967,620"
172,Ted,2012,"$218,815,487"
173,King Kong,2005,"$218,080,025"
174,Ghost,1990,"$217,631,306"
175,How to Train Your Dragon,2010,"$217,581,231"
176,The Da Vinci Code,2006,"$217,536,138"
177,Aladdin,1992,"$217,350,219"
178,Alvin and the Chipmunks,2007,"$217,326,974"
179,Saving Private Ryan,1998,"$217,049,603"
180,Ant-Man and the Wasp,2018,"$216,648,740"
181,Bohemian Rhapsody,2018,"$216,428,042"
182,Madagascar 3: Europe's Most Wanted,2012,"$216,391,482"
183,Kung Fu Panda,2008,"$215,434,591"
184,Mission: Impossible II,2000,"$215,409,889"
185,A Star Is Born,2018,"$215,288,866"
186,X2: X-Men United,2003,"$214,949,694"
187,The Lorax,2012,"$214,030,500"
188,Solo: A Star Wars Story,2018,"$213,767,512"
189,Venom,2018,"$213,515,506"
190,Austin Powers in Goldmember,2002,"$213,307,889"
191,It Chapter Two,2019,"$211,593,228"
192,Back to the Future,1985,"$211,159,762"
193,300,2007,"$210,614,939"
194,Fast Five,2011,"$209,837,675"
195,Coco,2017,"$209,726,015"
196,Mission: Impossible - Ghost Protocol,2011,"$209,397,903"
197,Wedding Crashers,2005,"$209,255,921"
198,Sherlock Holmes,2009,"$209,028,679"
199,Dawn of the Planet of the Apes,2014,"$208,545,589"
200,Batman Begins,2005,"$206,852,432"
201,Charlie and the Chocolate Factory,2005,"$206,459,076"
202,Ratatouille,2007,"$206,445,654"
203,Thor: The Dark World,2013,"$206,362,140"
204,Austin Powers: The Spy Who Shagged Me,1999,"$206,040,086"
205,Terminator 2: Judgment Day,1991,"$205,881,154"
206,Bad Boys for Life,2020,"$204,417,855"
207,The Amazing Spider-Man 2,2014,"$202,853,933"
208,World War Z,2013,"$202,359,711"
209,The Mummy Returns,2001,"$202,019,785"
210,Armageddon,1998,"$201,578,182"
211,Cinderella,2015,"$201,151,353"
212,Ralph Breaks the Internet,2018,"$201,091,711"
213,Gone with the Wind,1939,"$200,852,579"
214,Tangled,2010,"$200,821,936"
215,Godzilla,2014,"$200,676,069"
216,Superman Returns,2006,"$200,081,192"
217,Spectre,2015,"$200,074,609"
218,Pearl Harbor,2001,"$198,542,554"
219,Monsters vs. Aliens,2009,"$198,351,526"
220,Happy Feet,2006,"$198,000,317"
221,Indiana Jones and the Last Crusade,1989,"$197,171,806"
222,Ice Age: Dawn of the Dinosaurs,2009,"$196,573,705"
223,Ice Age: The Meltdown,2006,"$195,330,621"
224,Mission: Impossible - Rogue Nation,2015,"$195,042,377"
225,Twilight,2008,"$193,962,473"
226,Men in Black II,2002,"$193,735,288"
227,Madagascar,2005,"$193,595,521"
228,22 Jump Street,2014,"$191,719,337"
229,Cars 2,2011,"$191,452,396"
230,Teenage Mutant Ninja Turtles,2014,"$191,204,754"
231,Spider-Man: Into the Spider-Verse,2018,"$190,241,310"
232,Grease,1978,"$189,969,103"
233,Dunkirk,2017,"$189,740,665"
234,Wreck-It Ralph,2012,"$189,422,889"
235,A Quiet Place,2018,"$188,024,361"
236,Interstellar,2014,"$188,020,017"
237,Gladiator,2000,"$187,705,427"
238,The Polar Express,2004,"$187,224,490"
239,The Croods,2013,"$187,168,425"
240,Sherlock Holmes: A Game of Shadows,2011,"$186,848,418"
241,The Day After Tomorrow,2004,"$186,740,799"
242,Mr. &amp; Mrs. Smith,2005,"$186,336,279"
243,Snow White and the Seven Dwarfs,1937,"$184,925,486"
244,Pitch Perfect 2,2015,"$184,296,230"
245,Dances with Wolves,1990,"$184,208,848"
246,Batman Forever,1995,"$184,069,126"
247,The Fugitive,1993,"$183,875,760"
248,The Revenant,2015,"$183,637,894"
249,Ocean's Eleven,2001,"$183,417,150"
250,The Simpsons Movie,2007,"$183,135,014"
251,What Women Want,2000,"$182,811,707"
252,The Perfect Storm,2000,"$182,618,434"
253,Lincoln,2012,"$182,207,973"
254,Liar Liar,1997,"$181,410,615"
255,Jurassic Park III,2001,"$181,171,875"
256,Thor,2011,"$181,030,624"
257,Mission: Impossible,1996,"$180,981,856"
258,Ant-Man,2015,"$180,202,163"
259,Planet of the Apes,2001,"$180,011,740"
260,Madagascar: Escape 2 Africa,2008,"$180,010,950"
261,X-Men Origins: Wolverine,2009,"$179,883,157"
262,Indiana Jones and the Temple of Doom,1984,"$179,870,271"
263,Top Gun,1986,"$179,800,601"
264,Hitch,2005,"$179,495,555"
265,Men in Black 3,2012,"$179,020,854"
266,Pretty Woman,1990,"$178,406,268"
267,Home,2015,"$177,397,510"
268,Night at the Museum: Battle of the Smithsonian,2009,"$177,243,721"
269,Tootsie,1982,"$177,200,000"
270,How to Train Your Dragon 2,2014,"$177,002,924"
271,Rise of the Planet of the Apes,2011,"$176,760,185"
272,Captain America: The First Avenger,2011,"$176,654,505"
273,The Karate Kid,2010,"$176,591,618"
274,There's Something About Mary,1998,"$176,484,651"
275,Ice Age,2002,"$176,387,405"
276,The Bourne Supremacy,2004,"$176,241,941"
277,Get Out,2017,"$176,040,665"
278,The Lego Batman Movie,2017,"$175,750,384"
279,Us,2019,"$175,084,580"
280,The Boss Baby,2017,"$175,003,033"
281,Crocodile Dundee,1986,"$174,803,506"
282,Elf,2003,"$174,626,840"
283,Crazy Rich Asians,2018,"$174,532,921"
284,The Greatest Showman,2017,"$174,340,174"
285,Fast &amp; Furious Presents: Hobbs &amp; Shaw,2019,"$173,956,935"
286,Apollo 13,1995,"$173,837,933"
287,Home Alone 2: Lost in New York,1992,"$173,585,516"
288,National Treasure,2004,"$173,008,894"
289,Air Force One,1997,"$172,956,409"
290,Rain Man,1988,"$172,825,435"
291,Pirates of the Caribbean: Dead Men Tell No Tales,2017,"$172,558,876"
292,TRON: Legacy,2010,"$172,062,763"
293,Mary Poppins Returns,2018,"$171,958,438"
294,The Matrix,1999,"$171,479,930"
295,True Grit,2010,"$171,243,005"
296,Tarzan,1999,"$171,091,819"
297,John Wick: Chapter 3 - Parabellum,2019,"$171,015,687"
298,A Beautiful Mind,2001,"$170,742,341"
299,Chicago,2002,"$170,687,518"
300,The Help,2011,"$169,708,112"
301,Hotel Transylvania 2,2015,"$169,700,110"
302,Hidden Figures,2016,"$169,607,287"
303,Bridesmaids,2011,"$169,106,725"
304,Quantum of Solace,2008,"$168,368,427"
305,Wild Hogs,2007,"$168,273,550"
306,Kong: Skull Island,2017,"$168,052,812"
307,Three Men and a Baby,1987,"$167,780,960"
308,Gone Girl,2014,"$167,767,189"
309,Hotel Transylvania 3: Summer Vacation,2018,"$167,510,016"
310,Casino Royale,2006,"$167,445,960"
311,Meet the Parents,2000,"$166,244,045"
312,Fifty Shades of Grey,2015,"$166,167,230"
313,2012,2009,"$166,112,167"
314,Robin Hood: Prince of Thieves,1991,"$165,493,908"
315,Knives Out,2019,"$165,363,234"
316,Kung Fu Panda 2,2011,"$165,249,063"
317,Hannibal,2001,"$165,092,268"
318,Catch Me If You Can,2002,"$164,615,351"
319,The Proposal,2009,"$163,958,031"
320,The Pursuit of Happyness,2006,"$163,566,459"
321,Big Daddy,1999,"$163,479,795"
322,Clash of the Titans,2010,"$163,214,888"
323,The SpongeBob Movie: Sponge Out of Water,2015,"$162,994,032"
324,Batman Returns,1992,"$162,902,340"
325,Django Unchained,2012,"$162,805,434"
326,A Bug's Life,1998,"$162,798,565"
327,Jason Bourne,2016,"$162,434,410"
328,Grown Ups,2010,"$162,001,186"
329,The Waterboy,1998,"$161,491,646"
330,Ice Age: Continental Drift,2012,"$161,321,843"
331,Straight Outta Compton,2015,"$161,197,785"
332,Die Another Day,2002,"$160,942,139"
333,Shark Tale,2004,"$160,861,908"
334,How to Train Your Dragon: The Hidden World,2019,"$160,799,505"
335,The Heat,2013,"$159,582,188"
336,Fantastic Beasts: The Crimes of Grindelwald,2018,"$159,555,901"
337,Halloween,2018,"$159,342,015"
338,The Sound of Music,1965,"$159,287,539"
339,1917,2019,"$159,227,644"
340,The Secret Life of Pets 2,2019,"$158,874,395"
341,Star Trek Beyond,2016,"$158,848,340"
342,The Firm,1993,"$158,348,367"
343,The Longest Yard,2005,"$158,119,460"
344,X-Men,2000,"$157,299,718"
345,Scary Movie,2000,"$157,019,771"
346,Fatal Attraction,1987,"$156,645,693"
347,Who Framed Roger Rabbit,1988,"$156,452,370"
348,The Sting,1973,"$156,000,000"
349,What Lies Beneath,2000,"$155,464,351"
350,X-Men: Apocalypse,2016,"$155,442,489"
351,The Mummy,1999,"$155,385,488"
352,Snow White and the Huntsman,2012,"$155,332,381"
353,San Andreas,2015,"$155,190,832"
354,Fast &amp; Furious,2009,"$155,064,265"
355,Over the Hedge,2006,"$155,019,340"
356,Fantastic Four,2005,"$154,696,080"
357,Horton Hears a Who!,2008,"$154,529,439"
358,Mad Max: Fury Road,2015,"$154,058,340"
359,Jerry Maguire,1996,"$153,952,592"
360,Trolls,2016,"$153,707,064"
361,Beverly Hills Cop II,1987,"$153,665,036"
362,Scooby-Doo,2002,"$153,294,164"
363,Gremlins,1984,"$153,083,102"
364,Cars 3,2017,"$152,901,115"
365,Sex and the City,2008,"$152,647,258"
366,Runaway Bride,1999,"$152,257,509"
367,La La Land,2016,"$151,101,803"
368,Divergent,2014,"$150,947,895"
369,Rambo: First Blood Part II,1985,"$150,415,432"
370,We're the Millers,2013,"$150,394,119"
371,Terminator 3: Rise of the Machines,2003,"$150,371,112"
372,Daddy's Home,2015,"$150,357,137"
373,G.I. Joe: The Rise of Cobra,2009,"$150,201,498"
374,Neighbors,2014,"$150,157,400"
375,American Hustle,2013,"$150,117,807"
376,Puss in Boots,2011,"$149,260,504"
377,Les Misérables,2012,"$148,809,770"
378,Knocked Up,2007,"$148,768,917"
379,As Good as It Gets,1997,"$148,478,011"
380,Little Fockers,2010,"$148,438,600"
381,Megamind,2010,"$148,415,853"
382,Hotel Transylvania,2012,"$148,313,048"
383,Talladega Nights: The Ballad of Ricky Bobby,2006,"$148,213,377"
384,Gran Torino,2008,"$148,095,302"
385,Lethal Weapon 2,1989,"$147,253,986"
386,War for the Planet of the Apes,2017,"$146,880,162"
387,X-Men: First Class,2011,"$146,408,305"
388,Paul Blart: Mall Cop,2009,"$146,336,178"
389,True Lies,1994,"$146,282,411"
390,Sonic the Hedgehog,2020,"$146,066,470"
391,Lilo &amp; Stitch,2002,"$145,794,338"
392,The Meg,2018,"$145,443,742"
393,American Pie 2,2001,"$145,103,595"
394,Taken,2009,"$145,000,989"
395,One Hundred and One Dalmatians,1961,"$144,880,014"
396,The Great Gatsby,2013,"$144,840,419"
397,The Santa Clause,1994,"$144,833,357"
398,"I, Robot",2004,"$144,801,023"
399,Lethal Weapon 3,1992,"$144,731,527"
400,The Fast and the Furious,2001,"$144,533,925"
401,Mamma Mia!,2008,"$144,169,664"
402,Doctor Dolittle,1998,"$144,156,605"
403,Pokémon Detective Pikachu,2019,"$144,105,346"
404,Rio,2011,"$143,619,809"
405,Kung Fu Panda 3,2016,"$143,528,619"
406,Juno,2007,"$143,495,265"
407,Marley &amp; Me,2008,"$143,153,751"
408,The Smurfs,2011,"$142,614,158"
409,Once Upon a Time... in Hollywood,2019,"$142,502,728"
410,xXx,2002,"$142,109,382"
411,The Jungle Book,1967,"$141,843,612"
412,The Chronicles of Narnia: Prince Caspian,2008,"$141,621,490"
413,National Lampoon's Animal House,1978,"$141,600,000"
414,Pocahontas,1995,"$141,579,773"
415,A Few Good Men,1992,"$141,340,178"
416,Slumdog Millionaire,2008,"$141,319,928"
417,Rush Hour,1998,"$141,186,864"
418,The Blair Witch Project,1999,"$140,539,099"
419,Deep Impact,1998,"$140,464,664"
420,Shazam!,2019,"$140,371,656"
421,Ocean's Eight,2018,"$140,218,711"
422,Rush Hour 3,2007,"$140,125,968"
423,Look Who's Talking,1989,"$140,088,813"
424,Stuart Little,1999,"$140,035,367"
425,Taken 2,2012,"$139,854,287"
426,Sister Act,1992,"$139,605,150"
427,The Matrix Revolutions,2003,"$139,313,948"
428,The Santa Clause 2,2002,"$139,236,327"
429,The King's Speech,2010,"$138,797,449"
430,Cheaper by the Dozen,2003,"$138,614,544"
431,Bad Boys II,2003,"$138,608,444"
432,Platoon,1986,"$138,530,565"
433,21 Jump Street,2012,"$138,447,667"
434,Good Will Hunting,1997,"$138,433,435"
435,Split,2017,"$138,291,365"
436,A Christmas Carol,2009,"$137,855,863"
437,Dinosaur,2000,"$137,748,063"
438,Ready Player One,2018,"$137,690,172"
439,The Conjuring,2013,"$137,400,141"
440,Click,2006,"$137,355,633"
441,The Green Mile,1999,"$136,801,374"
442,Ransom,1996,"$136,492,681"
443,Godzilla,1998,"$136,314,294"
444,101 Dalmatians,1996,"$136,189,294"
445,Argo,2012,"$136,025,503"
446,Anger Management,2003,"$135,645,823"
447,Chicken Little,2005,"$135,386,665"
448,Teenage Mutant Ninja Turtles,1990,"$135,265,915"
449,Close Encounters of the Third Kind,1977,"$135,189,114"
450,Patch Adams,1998,"$135,026,902"
451,The Godfather,1972,"$134,966,411"
452,Ride Along,2014,"$134,938,200"
453,The Incredible Hulk,2008,"$134,806,913"
454,Live Free or Die Hard,2007,"$134,529,403"
455,Wanted,2008,"$134,508,551"
456,Identity Thief,2013,"$134,506,920"
457,Superman,1978,"$134,451,603"
458,The Rock,1996,"$134,069,511"
459,Mission: Impossible III,2006,"$134,029,801"
460,Grown Ups 2,2013,"$133,668,525"
461,Troy,2004,"$133,378,256"
462,Angels &amp; Demons,2009,"$133,375,846"
463,Alvin and the Chipmunks: Chipwrecked,2011,"$133,110,742"
464,Bringing Down the House,2003,"$132,716,677"
465,The Wolverine,2013,"$132,556,852"
466,Wonder,2017,"$132,422,809"
467,The Departed,2006,"$132,384,315"
468,Hulk,2003,"$132,177,234"
469,Silver Linings Playbook,2012,"$132,092,958"
470,Minority Report,2002,"$132,072,926"
471,Fantastic 4: Rise of the Silver Surfer,2007,"$131,921,738"
472,The Last Airbender,2010,"$131,772,187"
473,Rio 2,2014,"$131,538,435"
474,Lara Croft: Tomb Raider,2001,"$131,168,070"
475,The Silence of the Lambs,1991,"$130,742,922"
476,"Honey, I Shrunk the Kids",1989,"$130,724,172"
477,The Flintstones,1994,"$130,531,208"
478,Lethal Weapon 4,1998,"$130,444,603"
479,Get Smart,2008,"$130,319,208"
480,Insurgent,2015,"$130,179,072"
481,The Peanuts Movie,2015,"$130,178,411"
482,Transformers: The Last Knight,2017,"$130,168,683"
483,American Gangster,2007,"$130,164,645"
484,American Beauty,1999,"$130,096,601"
485,An Officer and a Gentleman,1982,"$129,795,554"
486,The Ring,2002,"$129,128,133"
487,The Nutty Professor,1996,"$128,814,019"
488,Borat: Cultural Learnings of America for Make Benefit Glorious Nation of Kazakhstan,2006,"$128,505,958"
489,Ghostbusters,2016,"$128,350,574"
490,Kingsman: The Secret Service,2015,"$128,261,724"
491,Robots,2005,"$128,200,012"
492,Coming to America,1988,"$128,152,301"
493,"Crouching Tiger, Hidden Dragon",2000,"$128,078,872"
494,Shutter Island,2010,"$128,012,934"
495,Into the Woods,2014,"$128,002,372"
496,Rocky IV,1985,"$127,873,716"
497,Enchanted,2007,"$127,807,262"
498,The Curious Case of Benjamin Button,2008,"$127,509,326"
499,Central Intelligence,2016,"$127,440,871"
500,Anchorman 2: The Legend Continues,2013,"$127,352,707"
501,Sweet Home Alabama,2002,"$127,223,418"
502,Bumblebee,2018,"$127,195,589"
503,Dumb and Dumber,1994,"$127,175,374"
504,2 Fast 2 Furious,2003,"$127,154,901"
505,My Best Friend's Wedding,1997,"$127,120,029"
506,Super 8,2011,"$127,004,179"
507,The World Is Not Enough,1999,"$126,943,684"
508,Sleepless in Seattle,1993,"$126,808,165"
509,Smokey and the Bandit,1977,"$126,737,428"
510,Lucy,2014,"$126,663,600"
511,The Legend of Tarzan,2016,"$126,643,061"
512,Bee Movie,2007,"$126,631,277"
513,Prometheus,2012,"$126,477,084"
514,Safe House,2012,"$126,373,434"
515,Mr. Deeds,2002,"$126,293,452"
516,The Truman Show,1998,"$125,618,201"
517,Erin Brockovich,2000,"$125,595,205"
518,Ocean's Twelve,2004,"$125,544,280"
519,Terminator Salvation,2009,"$125,322,469"
520,Charlie's Angels,2000,"$125,305,545"
521,Tomorrow Never Dies,1997,"$125,304,276"
522,Lone Survivor,2013,"$125,095,601"
523,Sully,2016,"$125,070,033"
524,Rocky III,1982,"$125,049,125"
525,The Vow,2012,"$125,014,030"
526,Life of Pi,2012,"$124,987,023"
527,The Fault in Our Stars,2014,"$124,872,350"
528,Cloudy with a Chance of Meatballs,2009,"$124,870,275"
529,The Devil Wears Prada,2006,"$124,740,460"
530,Something's Gotta Give,2003,"$124,728,738"
531,Traffic,2000,"$124,115,725"
532,The Birdcage,1996,"$124,060,553"
533,City Slickers,1991,"$124,033,791"
534,"Good Morning, Vietnam",1987,"$123,922,370"
535,Rango,2011,"$123,477,607"
536,Nutty Professor II: The Klumps,2000,"$123,309,890"
537,The Good Dinosaur,2015,"$123,087,120"
538,G.I. Joe: Retaliation,2013,"$122,523,060"
539,Clear and Present Danger,1994,"$122,187,717"
540,The Hunt for Red October,1990,"$122,012,643"
541,The Bodyguard,1992,"$122,006,740"
542,Wayne's World,1992,"$121,697,323"
543,The Bourne Identity,2002,"$121,661,683"
544,Superbad,2007,"$121,463,226"
545,Speed,1994,"$121,248,145"
546,50 First Dates,2004,"$120,908,074"
547,Mamma Mia! Here We Go Again,2018,"$120,634,935"
548,Mulan,1998,"$120,620,254"
549,Inglourious Basterds,2009,"$120,540,719"
550,Seabiscuit,2003,"$120,277,854"
551,Van Helsing,2004,"$120,177,084"
552,Four Christmases,2008,"$120,146,040"
553,I Now Pronounce You Chuck &amp; Larry,2007,"$120,059,556"
554,The Mask,1994,"$119,938,730"
555,Cloudy with a Chance of Meatballs 2,2013,"$119,793,567"
556,Hook,1991,"$119,654,823"
557,Blazing Saddles,1974,"$119,601,481"
558,Walk the Line,2005,"$119,519,402"
559,G-Force,2009,"$119,436,770"
560,Total Recall,1990,"$119,412,921"
561,On Golden Pond,1981,"$119,285,432"
562,The Other Guys,2010,"$119,219,978"
563,Fahrenheit 9/11,2004,"$119,194,771"
564,Back to the Future Part II,1989,"$119,000,002"
565,The Sum of All Fears,2002,"$118,907,036"
566,Hairspray,2007,"$118,871,849"
567,The Break-Up,2006,"$118,703,275"
568,Lemony Snicket's A Series of Unfortunate Events,2004,"$118,634,549"
569,Blades of Glory,2007,"$118,594,548"
570,Salt,2010,"$118,311,368"
571,Basic Instinct,1992,"$117,727,224"
572,Now You See Me,2013,"$117,723,989"
573,Ford v Ferrari,2019,"$117,624,357"
574,Big Momma's House,2000,"$117,559,438"
575,Die Hard 2,1990,"$117,540,947"
576,Horrible Bosses,2011,"$117,538,559"
577,The Nun,2018,"$117,450,119"
578,Rocky,1976,"$117,235,147"
579,Jackass 3D,2010,"$117,229,692"
580,Ocean's Thirteen,2007,"$117,154,724"
581,S.W.A.T.,2003,"$116,934,650"
582,The Wolf of Wall Street,2013,"$116,900,694"
583,8 Mile,2002,"$116,750,901"
584,Double Jeopardy,1999,"$116,741,558"
585,Lee Daniels' The Butler,2013,"$116,632,095"
586,Green Lantern,2011,"$116,601,172"
587,Notting Hill,1999,"$116,089,678"
588,The Towering Inferno,1974,"$116,000,000"
589,You've Got Mail,1998,"$115,821,495"
590,Ghost Rider,2007,"$115,802,596"
591,Creed II,2018,"$115,715,889"
592,Remember the Titans,2000,"$115,654,751"
593,District 9,2009,"$115,646,235"
594,Unbroken,2014,"$115,637,895"
595,Peter Rabbit,2018,"$115,253,424"
596,Big,1988,"$115,227,281"
597,Girls Trip,2017,"$115,171,585"
598,The Karate Kid Part II,1986,"$115,103,979"
599,American Graffiti,1973,"$115,000,000"
600,Dumbo,2019,"$114,766,307"
601,Fifty Shades Darker,2017,"$114,581,250"
602,Dodgeball,2004,"$114,326,736"
603,The Village,2004,"$114,197,520"
604,Bolt,2008,"$114,053,579"
605,Maleficent: Mistress of Evil,2019,"$113,929,605"
606,Wild Wild West,1999,"$113,804,681"
607,Night at the Museum: Secret of the Tomb,2014,"$113,746,621"
608,Magic Mike,2012,"$113,721,571"
609,The Addams Family,1991,"$113,502,426"
610,The Patriot,2000,"$113,330,342"
611,Bad Moms,2016,"$113,257,297"
612,The Bourne Legacy,2012,"$113,203,870"
613,The Pacifier,2005,"$113,086,868"
614,Dr. Dolittle 2,2001,"$112,952,899"
615,The Rocky Horror Picture Show,1975,"$112,892,319"
616,It's Complicated,2009,"$112,735,375"
617,Spy Kids,2001,"$112,719,001"
618,Ghostbusters II,1989,"$112,494,738"
619,Face/Off,1997,"$112,276,146"
620,The Hangover Part III,2013,"$112,200,072"
621,Twins,1988,"$111,938,388"
622,Spy Kids 3-D: Game Over,2003,"$111,761,982"
623,Doctor Zhivago,1965,"$111,721,910"
624,Enemy of the State,1998,"$111,549,836"
625,The Little Mermaid,1989,"$111,543,479"
626,Mr. Peabody &amp; Sherman,2014,"$111,506,430"
627,Porky's,1982,"$111,289,673"
628,The Last Samurai,2003,"$111,127,263"
629,Glass,2019,"$111,048,468"
630,Spy,2015,"$110,825,712"
631,Tropic Thunder,2008,"$110,515,313"
632,Godzilla: King of the Monsters,2019,"$110,500,138"
633,Valentine's Day,2010,"$110,485,654"
634,The Grudge,2004,"$110,359,362"
635,Fun with Dick and Jane,2005,"$110,332,737"
636,Freaky Friday,2003,"$110,230,332"
637,Trainwreck,2015,"$110,212,700"
638,Bedtime Stories,2008,"$110,101,975"
639,Scary Movie 3,2003,"$110,003,217"
640,Creed,2015,"$109,767,581"
641,Star Trek IV: The Voyage Home,1986,"$109,713,132"
642,The 40-Year-Old Virgin,2005,"$109,449,237"
643,Crocodile Dundee II,1988,"$109,306,210"
644,Couples Retreat,2009,"$109,204,945"
645,One Flew Over the Cuckoo's Nest,1975,"$108,981,275"
646,A Time to Kill,1996,"$108,766,007"
647,Black Hawk Down,2001,"$108,638,745"
648,Terms of Endearment,1983,"$108,423,489"
649,Ace Ventura: When Nature Calls,1995,"$108,385,533"
650,The Upside,2019,"$108,252,517"
651,The Princess Diaries,2001,"$108,248,956"
652,Superman II,1981,"$108,185,706"
653,Little Women,2019,"$108,101,214"
654,Hop,2011,"$108,085,305"
655,Pulp Fiction,1994,"$107,928,762"
656,Paranormal Activity,2009,"$107,918,810"
657,Baby Driver,2017,"$107,825,862"
658,A League of Their Own,1992,"$107,533,928"
659,Epic,2013,"$107,518,682"
660,Watchmen,2009,"$107,509,799"
661,The Angry Birds Movie,2016,"$107,509,366"
662,Batman &amp; Robin,1997,"$107,353,792"
663,Captain Phillips,2013,"$107,100,855"
664,Black Swan,2010,"$106,954,678"
665,Analyze This,1999,"$106,885,658"
666,Chicken Run,2000,"$106,834,564"
667,Miss Congeniality,2000,"$106,807,667"
668,Indecent Proposal,1993,"$106,614,059"
669,Driving Miss Daisy,1989,"$106,593,296"
670,300: Rise of an Empire,2014,"$106,580,051"
671,Love Story,1970,"$106,550,690"
672,GoldenEye,1995,"$106,429,941"
673,Kramer vs. Kramer,1979,"$106,260,000"
674,The Italian Job,2003,"$106,128,601"
675,How to Lose a Guy in 10 Days,2003,"$105,813,373"
676,The Lego Movie 2: The Second Part,2019,"$105,806,508"
677,The First Wives Club,1996,"$105,489,203"
678,Robin Hood,2010,"$105,269,730"
679,Interview with the Vampire: The Vampire Chronicles,1994,"$105,264,608"
680,George of the Jungle,1997,"$105,263,257"
681,Hustlers,2019,"$104,963,598"
682,The Graduate,1967,"$104,945,305"
683,Pitch Perfect 3,2017,"$104,897,530"
684,Phenomenon,1996,"$104,636,382"
685,American Wedding,2003,"$104,565,114"
686,Road to Perdition,2002,"$104,454,762"
687,The Princess and the Frog,2009,"$104,400,899"
688,The Chronicles of Narnia: The Voyage of the Dawn Treader,2010,"$104,386,950"
689,Daddy Day Care,2003,"$104,297,061"
690,Daddy's Home 2,2017,"$104,029,443"
691,Paranormal Activity 3,2011,"$104,028,807"
692,Journey 2: The Mysterious Island,2012,"$103,860,290"
693,The Mule,2018,"$103,804,407"
694,Dick Tracy,1990,"$103,738,726"
695,Rise of the Guardians,2012,"$103,412,758"
696,Dreamgirls,2006,"$103,365,956"
697,9 to 5,1980,"$103,290,500"
698,Independence Day: Resurgence,2016,"$103,144,286"
699,The Expendables,2010,"$103,068,524"
700,Scream,1996,"$103,046,663"
701,Just Go with It,2011,"$103,028,109"
702,Murder on the Orient Express,2017,"$102,826,543"
703,The General's Daughter,1999,"$102,705,852"
704,The Aviator,2004,"$102,610,330"
705,American Pie,1999,"$102,561,004"
706,Daredevil,2003,"$102,543,518"
707,The Girl with the Dragon Tattoo,2011,"$102,515,793"
708,The Mummy: Tomb of the Dragon Emperor,2008,"$102,491,776"
709,The Conjuring 2,2016,"$102,470,008"
710,The Maze Runner,2014,"$102,427,862"
711,In the Line of Fire,1993,"$102,314,823"
712,Butch Cassidy and the Sundance Kid,1969,"$102,308,889"
713,Mary Poppins,1964,"$102,272,727"
714,Bambi,1942,"$102,247,150"
715,Annabelle: Creation,2017,"$102,092,201"
716,The Equalizer 2,2018,"$102,084,362"
717,Bad Grandpa,2013,"$102,003,019"
718,Pacific Rim,2013,"$101,802,906"
719,Journey to the Center of the Earth,2008,"$101,704,370"
720,Gone in 60 Seconds,2000,"$101,648,571"
721,Maverick,1994,"$101,631,272"
722,Sleeping with the Enemy,1991,"$101,599,005"
723,The Equalizer,2014,"$101,530,738"
724,This Is the End,2013,"$101,470,202"
725,Eagle Eye,2008,"$101,440,743"
726,The Prince of Egypt,1998,"$101,413,188"
727,Scream 2,1997,"$101,363,301"
728,Stir Crazy,1980,"$101,300,000"
729,Eraser,1996,"$101,295,562"
730,Noah,2014,"$101,200,044"
731,Unforgiven,1992,"$101,157,447"
732,The Cat in the Hat,2003,"$101,149,285"
733,Con Air,1997,"$101,117,573"
734,Sleepy Hollow,1999,"$101,071,502"
735,Rampage,2018,"$101,028,233"
736,Collateral,2004,"$101,005,703"
737,Contact,1997,"$100,920,329"
738,Charlie's Angels: Full Throttle,2003,"$100,830,111"
739,The Pelican Brief,1993,"$100,768,056"
740,Vanilla Sky,2001,"$100,618,344"
741,Arrival,2016,"$100,546,139"
742,Due Date,2010,"$100,539,043"
743,Jumanji,1995,"$100,499,940"
744,The Rugrats Movie,1998,"$100,494,675"
745,Million Dollar Baby,2004,"$100,492,203"
746,Airport,1970,"$100,489,151"
747,A Wrinkle in Time,2018,"$100,478,608"
748,Step Brothers,2008,"$100,468,793"
749,Evan Almighty,2007,"$100,462,298"
750,Fifty Shades Freed,2018,"$100,407,760"
751,Casper,1995,"$100,328,194"
752,Shakespeare in Love,1998,"$100,317,794"
753,Bad Teacher,2011,"$100,292,856"
754,Yogi Bear,2010,"$100,246,011"
755,Cowboys &amp; Aliens,2011,"$100,240,551"
756,Kingsman: The Golden Circle,2017,"$100,234,838"
757,Edge of Tomorrow,2014,"$100,206,256"
758,The Hunchback of Notre Dame,1996,"$100,138,851"
759,Se7en,1995,"$100,125,643"
760,Parenthood,1989,"$100,047,830"
761,The Addams Family,2019,"$100,044,905"
762,You Don't Mess with the Zohan,2008,"$100,018,837"
763,Passengers,2016,"$100,014,699"
764,Die Hard with a Vengeance,1995,"$100,012,499"
765,Gnomeo &amp; Juliet,2011,"$99,967,670"
766,Christopher Robin,2018,"$99,215,042"
767,Hercules,1997,"$99,112,101"
768,Olympus Has Fallen,2013,"$98,925,640"
769,The Green Hornet,2011,"$98,780,042"
770,Date Night,2010,"$98,711,404"
771,The Color Purple,1985,"$98,467,863"
772,Meet the Robinsons,2007,"$97,822,171"
773,Yes Man,2008,"$97,690,976"
774,Sausage Party,2016,"$97,685,686"
775,Inspector Gadget,1999,"$97,403,112"
776,Public Enemies,2009,"$97,104,620"
777,The Social Network,2010,"$96,962,694"
778,Schindler's List,1993,"$96,898,818"
779,Downton Abbey,2019,"$96,854,135"
780,The Others,2001,"$96,522,687"
781,Legally Blonde,2001,"$96,520,674"
782,Panic Room,2002,"$96,397,334"
783,Rocketman,2019,"$96,368,160"
784,Dead Poets Society,1989,"$95,860,116"
785,Zero Dark Thirty,2012,"$95,720,716"
786,Norbit,2007,"$95,673,607"
787,Cold Mountain,2003,"$95,636,509"
788,Arthur,1981,"$95,461,682"
789,Sex and the City 2,2010,"$95,347,692"
790,Michael,1996,"$95,318,203"
791,The Princess Diaries 2: Royal Engagement,2004,"$95,170,481"
792,42,2013,"$95,020,213"
793,Unbreakable,2000,"$95,011,339"
794,The Book of Eli,2010,"$94,835,059"
795,"10,000 BC",2008,"$94,784,201"
796,Beverly Hills Chihuahua,2008,"$94,514,402"
797,Saturday Night Fever,1977,"$94,213,184"
798,Julie &amp; Julia,2009,"$94,125,426"
799,The Mask of Zorro,1998,"$94,095,523"
800,Maid in Manhattan,2002,"$94,011,225"
801,He's Just Not That Into You,2009,"$93,953,653"
802,Master and Commander: The Far Side of the World,2003,"$93,927,920"
803,Flight,2012,"$93,772,375"
804,The Fighter,2010,"$93,617,009"
805,America's Sweethearts,2001,"$93,607,673"
806,Lady and the Tramp,1955,"$93,602,326"
807,The Bucket List,2007,"$93,466,502"
808,Tomorrowland,2015,"$93,436,322"
809,The Magnificent Seven,2016,"$93,432,655"
810,Cats &amp; Dogs,2001,"$93,385,515"
811,Space Station 3D,2002,"$93,383,953"
812,Two Weeks Notice,2002,"$93,354,851"
813,Red Dragon,2002,"$93,149,898"
814,Cinderella,1950,"$93,141,149"
815,When Harry Met Sally...,1989,"$93,075,866"
816,Elysium,2013,"$93,050,117"
817,Flubber,1997,"$92,977,226"
818,Flashdance,1983,"$92,921,203"
819,The Town,2010,"$92,186,262"
820,Non-Stop,2014,"$92,168,600"
821,The Client,1994,"$92,115,211"
822,Blade Runner 2049,2017,"$92,054,159"
823,John Wick: Chapter 2,2017,"$92,029,184"
824,Star Trek: First Contact,1996,"$92,027,888"
825,Think Like a Man,2012,"$91,547,205"
826,Kindergarten Cop,1990,"$91,457,688"
827,Heaven Is for Real,2014,"$91,443,253"
828,The Haunting,1999,"$91,411,151"
829,Crimson Tide,1995,"$91,387,195"
830,Back to School,1986,"$91,258,000"
831,Ride Along 2,2016,"$91,221,830"
832,Stepmom,1998,"$91,137,662"
833,The Imitation Game,2014,"$91,125,683"
834,The Karate Kid,1984,"$91,077,276"
835,Save the Last Dance,2001,"$91,057,006"
836,The Scorpion King,2002,"$91,047,077"
837,Prince of Persia: The Sands of Time,2010,"$90,759,676"
838,Antz,1998,"$90,757,863"
839,Scary Movie 4,2006,"$90,710,620"
840,The Game Plan,2007,"$90,648,202"
841,"Me, Myself &amp; Irene",2000,"$90,570,999"
842,High School Musical 3,2008,"$90,559,416"
843,Madea Goes to Jail,2009,"$90,508,336"
844,Space Cowboys,2000,"$90,464,773"
845,Space Jam,1996,"$90,418,342"
846,Get Hard,2015,"$90,411,453"
847,Trading Places,1983,"$90,404,800"
848,RED,2010,"$90,380,162"
849,Planes,2013,"$90,288,712"
850,Legally Blonde 2,2003,"$90,186,328"
851,Mystic River,2003,"$90,135,191"
852,Terminator Genisys,2015,"$89,760,956"
853,Flightplan,2005,"$89,707,299"
854,Father of the Bride,1991,"$89,325,780"
855,The Emperor's New Groove,2000,"$89,302,687"
856,The Lone Ranger,2013,"$89,302,115"
857,Taken 3,2015,"$89,256,424"
858,Don't Breathe,2016,"$89,217,875"
859,Scream 3,2000,"$89,143,175"
860,Oblivion,2013,"$89,107,235"
861,The Ugly Truth,2009,"$88,915,214"
862,Percy Jackson &amp; the Olympians: The Lightning Thief,2010,"$88,768,303"
863,Failure to Launch,2006,"$88,715,192"
864,The Muppets,2011,"$88,631,237"
865,Inside Man,2006,"$88,513,495"
866,Back to the Future Part III,1990,"$88,277,583"
867,Waterworld,1995,"$88,246,220"
868,Starsky &amp; Hutch,2004,"$88,237,754"
869,Along Came Polly,2004,"$88,097,164"
870,The Hand That Rocks the Cradle,1992,"$88,036,683"
871,Entrapment,1999,"$87,704,396"
872,Peter Pan,1953,"$87,404,651"
873,Pineapple Express,2008,"$87,341,380"
874,Miss Peregrine's Home for Peculiar Children,2016,"$87,242,834"
875,Everest,1998,"$87,178,599"
876,Out of Africa,1985,"$87,071,205"
877,Sisters,2015,"$87,044,645"
878,Saw II,2005,"$87,039,965"
879,The Naked Gun 2½: The Smell of Fear,1991,"$86,930,411"
880,The Campaign,2012,"$86,907,746"
881,The War of the Roses,1989,"$86,888,546"
882,The Amityville Horror,1979,"$86,432,000"
883,Presumed Innocent,1990,"$86,303,188"
884,Young Frankenstein,1974,"$86,273,333"
885,The Accountant,2016,"$86,260,045"
886,Dumb and Dumber To,2014,"$86,208,010"
887,The Emoji Movie,2017,"$86,089,513"
888,Mean Girls,2004,"$86,058,055"
889,Annie,2014,"$85,911,262"
890,Alvin and the Chipmunks: The Road Chip,2015,"$85,886,987"
891,Spy Kids 2: Island of Lost Dreams,2002,"$85,846,429"
892,Fury,2014,"$85,817,906"
893,Pokémon: The First Movie - Mewtwo Strikes Back,1999,"$85,744,662"
894,Alita: Battle Angel,2019,"$85,710,210"
895,Real Steel,2011,"$85,468,508"
896,The SpongeBob SquarePants Movie,2004,"$85,417,988"
897,Power Rangers,2017,"$85,364,450"
898,Brother Bear,2003,"$85,336,277"
899,Stripes,1981,"$85,297,000"
900,Anchorman: The Legend of Ron Burgundy,2004,"$85,288,303"
901,Every Which Way but Loose,1978,"$85,196,485"
902,Rocky II,1979,"$85,182,160"
903,Aliens,1986,"$85,160,248"
904,Open Season,2006,"$85,105,259"
905,Green Book,2018,"$85,080,171"
906,The Expendables 2,2012,"$85,028,192"
907,Dangerous Minds,1995,"$84,919,401"
908,Paranormal Activity 2,2010,"$84,752,907"
909,Steel Magnolias,1989,"$84,614,512"
910,The Poseidon Adventure,1972,"$84,563,118"
911,Tammy,2014,"$84,525,432"
912,The Santa Clause 3: The Escape Clause,2006,"$84,500,122"
913,Ferdinand,2017,"$84,410,380"
914,"Crazy, Stupid, Love.",2011,"$84,351,197"
915,Annabelle,2014,"$84,273,813"
916,Pinocchio,1940,"$84,254,167"
917,Scooby-Doo 2: Monsters Unleashed,2004,"$84,216,833"
918,Birds of Prey: And the Fantabulous Emancipation of One Harley Quinn,2020,"$84,158,461"
919,Atlantis: The Lost Empire,2001,"$84,056,472"
920,Cliffhanger,1993,"$84,049,211"
921,The Other Woman,2014,"$83,911,193"
922,The X Files,1998,"$83,898,313"
923,Penguins of Madagascar,2014,"$83,850,911"
924,Up in the Air,2009,"$83,823,381"
925,Wrath of the Titans,2012,"$83,670,083"
926,Insidious: Chapter 2,2013,"$83,586,447"
927,Under Siege,1992,"$83,563,139"
928,Battle Los Angeles,2011,"$83,552,429"
929,Die Hard,1988,"$83,519,093"
930,Immortals,2011,"$83,504,017"
931,I Can Only Imagine,2018,"$83,482,352"
932,Apocalypse Now,1979,"$83,471,511"
933,Airplane!,1980,"$83,453,539"
934,Patriot Games,1992,"$83,351,587"
935,Saving Mr. Banks,2013,"$83,301,580"
936,Smallfoot,2018,"$83,240,103"
937,Good Boys,2019,"$83,140,306"
938,Valkyrie,2008,"$83,077,833"
939,Brokeback Mountain,2005,"$83,043,761"
940,Turbo,2013,"$83,028,128"
941,Disclosure,1994,"$83,015,089"
942,Charlotte's Web,2006,"$82,985,708"
943,Monster-in-Law,2005,"$82,931,301"
944,Are We There Yet?,2005,"$82,674,398"
945,Days of Thunder,1990,"$82,670,733"
946,Freddy vs. Jason,2003,"$82,622,655"
947,Star Trek,1979,"$82,604,699"
948,The Descendants,2011,"$82,584,160"
949,Cheaper by the Dozen 2,2005,"$82,571,173"
950,Mr. Holland's Opus,1995,"$82,569,971"
951,Bram Stoker's Dracula,1992,"$82,522,790"
952,Fried Green Tomatoes,1991,"$82,418,501"
953,Let's Be Cops,2014,"$82,390,774"
954,Blade II,2002,"$82,348,319"
955,Beowulf,2007,"$82,280,579"
956,Bridge to Terabithia,2007,"$82,272,442"
957,The Pink Panther,2006,"$82,226,474"
958,Teenage Mutant Ninja Turtles: Out of the Shadows,2016,"$82,051,601"
959,The Post,2017,"$81,903,458"
960,Jaws 2,1978,"$81,766,007"
961,Alien,1979,"$81,765,459"
962,Maze Runner: The Scorch Trials,2015,"$81,697,192"
963,Heaven Can Wait,1978,"$81,640,278"
964,Eight Below,2006,"$81,612,565"
965,MASH,1970,"$81,600,000"
966,Unstoppable,2010,"$81,562,942"
967,Payback,1999,"$81,526,121"
968,Ted 2,2015,"$81,476,385"
969,The Talented Mr. Ripley,1999,"$81,298,265"
970,School of Rock,2003,"$81,261,177"
971,Police Academy,1984,"$81,198,894"
972,Snow Dogs,2002,"$81,172,560"
973,21,2008,"$81,159,365"
974,While You Were Sleeping,1995,"$81,057,016"
975,Congo,1995,"$81,022,101"
976,The Notebook,2004,"$81,001,787"
977,Jimmy Neutron: Boy Genius,2001,"$80,936,232"
978,Another 48 Hrs.,1990,"$80,818,974"
979,Moonstruck,1987,"$80,640,528"
980,Eat Pray Love,2010,"$80,574,010"
981,The Texas Chainsaw Massacre,2003,"$80,571,655"
982,Zookeeper,2011,"$80,360,843"
983,Alien vs. Predator,2004,"$80,282,231"
984,What Happens in Vegas,2008,"$80,277,646"
985,The Dukes of Hazzard,2005,"$80,270,227"
986,The Wedding Singer,1998,"$80,245,725"
987,Saw III,2006,"$80,238,724"
988,The Mummy,2017,"$80,227,895"
989,Disturbia,2007,"$80,209,692"
990,Nacho Libre,2006,"$80,197,993"
991,Jumper,2008,"$80,172,128"
992,Goosebumps,2015,"$80,080,379"
993,Jack Reacher,2012,"$80,070,736"
994,Cloverfield,2008,"$80,048,433"
995,Footloose,1984,"$80,035,402"
996,Dear John,2010,"$80,014,842"
997,Men in Black: International,2019,"$80,001,807"
998,A Star Is Born,1976,"$80,000,000"
999,Knowing,2009,"$79,957,634"
